ID,Date,Topic
278ca84b-0f62-4518-aff3-b974d86e79c5,10/11/2001,python
e61fb894-a9c5-43d0-9e5d-b2910890c30c,10/11,jsjvnjd
68eba176-c7b2-40c4-b66b-590217ffe897,10/11,sjfnh
81b1b2a9-e79b-4ced-988d-a3871ed7b650,10/11,sdgergsd
1b02467d-5333-482c-8fde-90e47bf611c7,10/22,djksdfkdsk
300bb2c9-9ca5-4fdb-9de3-ecadc5372b91,213445,gfdfg
7adff624-c787-4128-924f-7af33701b9d2,2342,sdfsdg
2b0525e5-ab58-4bbd-a0d9-d5902dd6e25c,23423,sdgfg
6d5e3766-a4fe-4a20-9a92-98ee0e1475c5,4545,dfgdytfd
b08df124-43f2-4563-9422-c3a536d6418e,124,fdgh
6c4453e1-357b-4a90-9b7c-259851971238,342,dsgdfg
609c878c-1b11-4c32-893f-847e6e39b91f,1231,dfgdf
